order_item_id,order_id,product_id,quantity,discount,rating
1,1,13,1,15,4
2,2,45,2,10,3
3,2,8,2,5,3
4,2,26,3,10,5
5,3,9,3,10,4
6,3,15,3,10,2
7,3,42,3,10,2
8,3,43,3,15,1
9,4,28,1,10,3
10,4,47,3,10,5
11,5,25,2,15,3
12,5,37,2,20,1
13,5,13,1,20,1
14,5,4,3,0,2
15,6,28,2,0,5
16,6,23,2,15,3
17,6,47,1,5,1
18,7,29,3,0,4
19,7,14,2,10,4
20,8,3,2,15,5
21,9,15,2,0,3
22,10,42,3,20,4
23,10,38,3,0,2
24,11,22,1,5,1
25,11,41,2,5,1
26,11,7,1,5,3
27,12,33,1,15,5
28,12,34,1,15,3
29,12,26,1,5,1
30,12,35,1,10,4
31,13,43,3,0,2
32,13,28,1,10,3
33,14,31,1,0,2
34,14,48,3,0,4
35,14,30,2,10,2
36,15,12,2,15,2
37,15,26,1,20,1
38,15,26,3,5,5
39,15,6,2,15,3
40,16,18,3,20,1
41,17,33,2,20,4
42,17,30,3,0,5
43,18,29,1,10,5
44,18,15,2,15,5
45,18,44,2,5,3
46,18,7,3,5,4
47,19,37,2,0,4
48,19,31,2,10,4
49,20,18,1,5,5
50,20,24,2,5,4
51,20,6,2,0,1
52,21,16,3,15,4
53,22,49,1,5,5
54,22,22,1,20,2
55,22,32,3,5,3
56,23,15,3,20,3
57,23,47,3,10,2
58,23,28,1,10,4
59,24,38,1,20,3
60,24,3,3,5,4
61,24,47,3,20,3
62,25,8,3,20,3
63,26,9,2,20,5
64,26,7,3,5,1
65,26,22,1,20,4
66,26,1,2,10,1
67,27,50,1,0,4
68,28,46,2,0,4
69,28,23,3,20,3
70,29,18,2,20,3
71,30,28,2,10,4
72,30,28,3,10,1
73,31,32,1,15,1
74,31,34,3,5,5
75,31,13,1,0,4
76,31,18,3,5,2
77,32,45,2,15,5
78,32,50,3,0,3
79,33,35,3,20,2
80,33,46,2,20,4
81,33,24,1,0,3
82,34,22,3,10,2
83,34,12,3,15,4
84,34,33,3,15,3
85,35,49,1,5,3
86,35,34,3,10,5
87,35,23,2,15,3
88,35,45,2,15,5
89,36,40,1,0,1
90,36,1,2,10,3
91,37,23,2,20,3
92,37,18,3,0,5
93,37,39,3,10,5
94,38,18,3,10,2
95,38,7,2,15,3
96,38,6,3,0,5
97,38,45,1,20,2
98,39,48,1,20,1
99,39,23,1,20,4
100,39,17,1,5,1
101,39,50,1,10,1
102,40,38,2,20,3
103,41,2,3,20,3
104,41,33,3,5,1
105,42,24,1,10,1
106,42,36,1,20,1
107,42,43,2,0,2
108,42,29,3,10,1
109,43,9,1,5,3
110,43,33,2,15,2
111,43,34,1,20,5
112,43,6,1,5,1
113,44,43,3,5,2
114,44,30,1,15,2
115,44,24,1,0,4
116,44,40,1,20,1
117,45,4,1,10,1
118,45,5,3,20,4
119,46,18,3,5,5
120,46,13,2,20,2
121,46,31,1,10,1
122,47,11,3,20,5
123,47,42,1,15,5
124,48,37,2,15,1
125,48,7,2,15,5
126,48,23,1,5,3
127,48,5,3,0,2
128,49,44,3,0,5
129,49,2,1,20,2
130,49,39,2,10,2
131,49,35,2,10,4
132,50,5,3,10,4
133,50,19,2,0,4
134,50,15,1,15,3
135,50,14,1,10,4
136,51,30,3,0,1
137,51,16,3,10,2
138,51,28,3,5,1
139,52,45,1,10,2
140,52,34,1,5,5
141,52,25,3,0,3
142,53,34,3,10,5
143,53,14,3,5,5
144,54,39,2,10,3
145,54,20,2,10,1
146,55,1,1,15,3
147,56,3,2,20,3
148,56,1,3,15,1
149,56,11,2,20,1
150,57,36,1,0,3
151,57,17,3,20,3
152,58,47,2,10,4
153,58,14,3,20,5
154,58,31,3,0,4
155,58,24,3,5,2
156,59,14,2,10,2
157,59,36,3,10,5
158,60,34,1,15,1
159,61,1,2,15,1
160,62,34,2,20,5
161,63,38,2,10,2
162,64,37,2,0,5
163,65,21,1,20,3
164,65,37,2,5,1
165,65,43,1,5,2
166,65,4,1,5,1
167,66,25,1,20,4
168,66,16,3,0,5
169,66,40,1,20,2
170,67,2,1,10,4
171,68,22,2,5,5
172,68,38,3,0,2
173,69,1,3,0,1
174,69,24,1,5,3
175,69,43,3,0,4
176,70,41,3,15,4
177,70,6,2,5,2
178,71,24,1,20,2
179,71,13,1,20,3
180,72,42,1,5,3
181,72,30,2,5,2
182,72,4,3,5,2
183,73,40,2,5,1
184,73,4,2,0,4
185,73,50,3,20,5
186,74,14,1,10,4
187,74,42,3,10,4
188,75,27,2,0,1
189,75,49,3,10,1
190,75,35,2,20,3
191,75,20,2,20,3
192,76,42,2,0,2
193,77,17,2,0,3
194,77,19,1,15,2
195,77,35,2,20,1
196,78,21,1,20,1
197,78,1,3,20,5
198,78,16,3,20,2
199,78,16,1,15,2
200,79,43,1,0,3
201,79,23,3,15,5
202,79,7,3,5,5
203,79,4,2,10,2
204,80,50,1,0,5
205,80,12,2,0,4
206,81,47,1,5,3
207,82,6,1,0,2
208,82,13,3,15,3
209,83,33,3,15,5
210,83,27,1,20,5
211,84,33,3,20,2
212,84,35,3,10,5
213,85,33,1,0,3
214,85,32,3,5,3
215,86,41,1,20,4
216,86,32,2,5,2
217,86,34,2,15,5
218,87,17,1,5,3
219,87,47,2,10,4
220,88,16,1,10,4
221,88,17,2,10,2
222,88,2,3,15,2
223,88,7,1,0,4
224,89,26,1,10,2
225,89,25,1,10,5
226,90,41,1,0,1
227,90,24,1,0,2
228,91,24,1,15,1
229,91,17,1,5,2
230,91,11,1,20,2
231,91,29,2,20,1
232,92,42,1,20,2
233,92,17,1,0,5
234,93,4,2,10,4
235,93,47,3,15,1
236,93,13,3,10,4
237,94,19,2,15,2
238,95,26,2,15,1
239,96,32,1,10,2
240,96,33,2,10,1
241,97,33,1,10,3
242,97,49,3,5,3
243,97,8,1,15,5
244,97,1,1,0,2
245,98,16,2,20,4
246,98,6,3,0,3
247,99,26,2,0,2
248,99,45,3,10,4
249,100,26,3,5,4
250,100,30,1,15,2
251,100,44,1,20,2
252,100,44,2,20,4
253,101,36,2,5,1
254,101,23,3,20,1
255,101,48,2,15,4
256,101,46,3,15,2
257,102,36,2,10,2
258,102,44,1,20,4
259,102,22,2,15,4
260,102,30,1,10,3
261,103,20,3,20,3
262,103,37,3,10,5
263,104,15,3,5,5
264,104,23,1,20,1
265,104,15,3,20,1
266,105,21,1,0,3
267,105,38,2,20,3
268,106,14,3,5,4
269,106,38,3,5,1
270,106,10,2,0,1
271,107,31,3,0,4
272,107,39,2,20,2
273,107,42,1,0,4
274,108,5,3,5,4
275,108,17,2,5,5
276,109,11,3,0,4
277,109,9,2,5,3
278,109,36,2,20,4
279,110,8,1,5,4
280,110,14,2,5,5
281,110,22,1,15,2
282,110,30,3,15,1
283,111,26,2,20,4
284,112,44,2,5,1
285,112,50,2,10,2
286,113,8,1,20,1
287,113,39,1,10,2
288,113,28,1,15,4
289,113,48,2,10,2
290,114,42,2,5,1
291,114,11,3,5,1
292,115,40,2,20,1
293,115,21,2,5,1
294,115,37,2,15,3
295,115,50,1,5,5
296,116,44,1,5,4
297,116,49,3,5,2
298,117,36,1,20,1
299,117,4,2,10,2
300,118,30,3,5,3
301,119,16,1,15,2
302,119,8,2,0,5
303,120,30,2,20,3
304,120,29,3,5,3
305,121,12,2,10,4
306,121,28,2,20,5
307,122,12,2,20,2
308,122,26,3,15,1
309,123,15,1,20,5
310,123,11,2,15,5
311,123,41,1,5,2
312,123,7,3,15,5
313,124,1,3,15,2
314,124,37,3,20,5
315,125,45,1,0,3
316,125,39,1,10,5
317,125,4,3,20,2
318,125,25,2,20,1
319,126,9,1,15,4
320,126,35,1,5,2
321,126,13,3,5,5
322,126,48,2,10,2
323,127,4,1,0,1
324,127,8,1,10,2
325,128,15,2,20,5
326,128,19,2,10,2
327,128,12,2,15,2
328,129,40,1,15,2
329,129,36,1,10,1
330,129,18,3,10,1
331,129,34,1,15,5
332,130,45,2,15,2
333,131,12,1,5,2
334,131,1,3,5,1
335,131,48,3,10,3
336,131,46,2,5,1
337,132,38,3,15,1
338,132,9,3,5,1
339,133,40,3,10,3
340,133,34,3,0,4
341,133,26,1,20,3
342,133,4,2,15,4
343,134,22,1,5,1
344,134,50,3,15,1
345,134,12,3,20,4
346,135,44,3,5,5
347,135,20,3,15,5
348,135,21,3,0,2
349,136,13,3,20,2
350,137,36,3,20,4
351,137,7,1,15,5
352,138,34,2,20,2
353,138,32,2,0,5
354,138,39,1,5,2
355,138,10,2,10,4
356,139,21,1,15,1
357,139,39,2,20,5
358,139,49,1,0,5
359,139,31,1,10,3
360,140,50,1,20,1
361,140,29,3,0,4
362,140,44,2,0,1
363,140,7,2,10,5
364,141,16,2,15,4
365,141,38,2,0,4
366,141,5,1,5,1
367,141,29,3,0,1
368,142,3,2,20,3
369,143,40,3,0,5
370,144,45,3,15,4
371,144,44,1,5,5
372,145,48,3,10,5
373,145,13,1,0,1
374,145,2,3,10,2
375,145,42,3,15,1
376,146,27,3,5,4
377,147,17,1,5,5
378,147,7,1,15,5
379,147,4,2,0,5
380,148,12,1,0,4
381,148,24,2,20,2
382,149,19,2,0,3
383,149,35,3,0,1
384,150,32,1,15,4
385,150,35,2,10,3
386,150,45,1,20,1
387,151,1,2,10,3
388,152,39,2,5,3
389,152,28,2,10,1
390,152,29,2,15,2
391,152,7,2,15,3
392,153,9,3,0,3
393,153,35,2,20,4
394,153,30,3,15,1
395,154,12,2,10,4
396,154,38,3,15,1
397,154,1,3,0,4
398,154,42,1,15,2
399,155,38,3,5,2
400,155,10,3,15,2
401,156,4,3,0,3
402,157,39,3,5,2
403,157,38,1,5,3
404,157,34,3,5,5
405,157,50,3,10,2
406,158,3,1,15,5
407,158,48,1,20,2
408,158,4,2,0,4
409,159,19,1,5,1
410,159,27,1,10,5
411,160,38,3,10,3
412,160,4,1,20,3
413,160,31,1,20,4
414,160,46,2,20,3
415,161,17,1,10,1
416,161,41,2,0,5
417,162,2,3,10,2
418,162,22,3,10,3
419,162,35,2,15,5
420,162,20,3,20,1
421,163,45,1,5,1
422,164,40,2,20,3
423,165,5,2,10,5
424,165,10,2,15,2
425,165,3,3,10,5
426,166,45,2,0,4
427,166,34,2,0,4
428,166,7,3,0,5
429,167,6,1,10,2
430,167,22,1,15,1
431,167,29,1,0,4
432,168,22,2,20,2
433,169,37,2,10,2
434,169,15,2,10,4
435,170,23,1,10,2
436,170,28,2,20,1
437,171,5,3,15,5
438,171,39,1,15,5
439,171,27,2,5,5
440,171,27,2,5,5
441,172,38,1,15,2
442,172,15,2,10,1
443,172,29,2,20,2
444,173,39,2,10,5
445,173,11,1,5,3
446,173,27,1,20,2
447,174,36,3,5,3
448,174,1,3,10,3
449,174,31,3,0,1
450,175,38,3,10,2
451,175,18,2,15,5
452,175,10,1,0,2
453,176,38,1,5,2
454,176,12,2,20,1
455,177,6,1,10,2
456,177,5,2,5,5
457,177,21,1,5,4
458,178,8,1,10,1
459,178,16,1,10,4
460,179,31,1,10,5
461,179,2,2,10,2
462,179,38,2,0,3
463,180,8,1,20,5
464,180,8,3,20,4
465,180,8,2,5,1
466,180,29,1,5,2
467,181,16,1,20,1
468,182,29,2,15,5
469,182,33,1,0,1
470,182,27,1,5,5
471,182,49,3,15,4
472,183,23,1,20,2
473,183,7,2,15,1
474,183,27,2,5,1
475,183,9,1,10,1
476,184,10,2,15,1
477,184,3,2,20,2
478,184,6,1,5,2
479,185,18,3,5,4
480,185,22,1,15,4
481,186,1,1,10,1
482,187,45,2,0,3
483,188,11,2,15,5
484,188,26,1,0,2
485,189,24,3,0,3
486,189,15,3,0,2
487,189,11,1,5,3
488,190,43,1,10,5
489,190,10,3,5,2
490,190,39,1,5,2
491,190,23,3,10,3
492,191,7,1,5,1
493,191,37,3,5,1
494,191,7,2,20,4
495,191,32,1,0,4
496,192,35,2,15,1
497,192,25,2,10,1
498,192,5,3,10,5
499,192,37,1,15,4
500,193,36,1,5,2
501,193,16,1,5,2
502,193,21,3,20,2
503,193,21,1,15,3
504,194,31,2,0,5
505,195,48,2,10,1
506,195,35,2,5,3
507,196,2,3,0,3
508,196,37,2,15,4
509,196,29,3,15,3
510,196,5,1,5,2
511,197,10,3,0,5
512,197,45,2,0,1
513,197,33,2,0,1
514,197,29,1,5,1
515,198,6,2,20,5
516,198,4,2,5,1
517,198,49,3,10,3
518,199,50,2,5,5
519,199,42,2,5,4
520,199,48,1,0,5
521,200,14,1,15,4
522,200,37,2,15,5
523,200,5,3,20,1
524,200,42,1,10,2
525,201,29,3,5,1
526,201,30,1,5,2
527,201,3,2,15,1
528,201,13,3,15,3
529,202,23,1,5,5
530,202,41,3,15,2
531,202,32,2,20,5
532,203,42,2,10,1
533,203,34,1,10,5
534,204,26,1,20,3
535,204,49,2,15,1
536,204,36,2,10,2
537,205,18,1,15,4
538,205,46,2,20,3
539,206,50,3,20,4
540,206,30,2,0,1
541,207,20,1,10,5
542,207,11,3,10,3
543,207,40,2,10,3
544,208,50,2,20,4
545,208,41,1,10,5
546,208,19,1,5,4
547,208,8,1,5,4
548,209,5,1,5,5
549,210,15,1,15,1
550,210,43,3,0,3
551,211,50,1,5,5
552,211,39,1,5,1
553,212,38,2,0,2
554,213,42,2,10,1
555,213,8,2,0,5
556,214,6,2,5,4
557,214,35,2,10,2
558,215,13,1,0,2
559,216,9,3,15,2
560,217,13,2,10,2
561,218,35,2,10,2
562,218,6,3,0,3
563,219,18,3,0,4
564,219,12,1,10,3
565,219,30,1,0,3
566,220,29,2,15,5
567,220,41,2,20,5
568,220,16,3,15,3
569,220,46,1,10,4
570,221,42,1,10,2
571,221,49,3,5,2
572,221,38,3,10,2
573,222,3,2,0,1
574,223,3,2,5,2
575,224,38,3,20,1
576,225,21,3,5,3
577,226,44,1,0,3
578,226,40,2,15,3
579,227,39,2,20,1
580,227,21,3,20,3
581,227,27,1,5,1
582,227,39,2,20,3
583,228,31,3,0,2
584,228,40,1,10,3
585,228,2,3,20,5
586,228,5,1,20,5
587,229,38,2,0,2
588,229,32,2,0,1
589,229,3,1,0,3
590,229,5,1,10,4
591,230,25,1,10,3
592,230,12,2,20,2
593,230,22,3,20,1
594,230,47,2,10,4
595,231,20,3,20,1
596,232,24,2,15,4
597,232,16,2,15,4
598,232,13,1,5,1
599,232,46,2,15,1
600,233,50,3,5,5
601,233,32,2,15,1
602,233,5,2,0,2
603,233,24,2,0,2
604,234,4,2,20,4
605,234,16,3,5,2
606,234,29,3,20,1
607,235,25,1,0,1
608,236,17,2,20,4
609,236,30,3,20,5
610,236,18,3,0,2
611,237,33,1,0,3
612,238,6,3,20,2
613,238,20,1,15,2
614,238,10,1,10,3
615,239,26,1,20,1
616,239,16,3,10,2
617,239,16,2,15,3
618,239,49,1,5,3
619,240,48,1,0,3
620,240,20,1,5,1
621,240,28,1,20,3
622,240,20,2,0,1
623,241,6,1,5,5
624,242,14,2,5,3
625,242,31,1,5,1
626,243,40,2,20,3
627,243,25,3,15,2
628,244,18,1,5,1
629,244,35,2,5,3
630,245,28,3,10,3
631,245,31,1,15,3
632,246,15,3,10,5
633,246,37,3,20,2
634,246,43,2,15,2
635,246,20,3,15,4
636,247,50,2,10,2
637,247,11,2,10,5
638,248,37,2,5,2
639,248,35,1,10,3
640,248,44,3,20,4
641,249,39,1,20,2
642,249,43,3,10,5
643,249,44,2,20,5
644,250,28,2,0,1
645,250,35,1,20,2
646,250,18,1,10,1
647,250,17,3,5,3
648,251,36,1,5,2
649,251,15,3,20,1
650,251,32,3,15,4
651,251,30,1,10,3
652,252,24,1,5,3
653,252,22,2,0,2
654,253,12,1,10,4
655,253,40,3,20,2
656,253,11,2,5,3
657,253,29,2,15,3
658,254,14,2,15,2
659,254,45,1,15,3
660,255,5,1,0,2
661,255,30,3,5,1
662,255,37,2,15,4
663,255,14,1,5,4
664,256,18,1,15,5
665,256,3,3,5,2
666,257,19,3,10,5
667,257,7,2,5,2
668,257,19,2,0,3
669,257,18,1,20,2
670,258,14,1,10,3
671,259,10,3,15,3
672,259,19,3,15,5
673,259,47,2,0,2
674,259,19,2,10,5
675,260,18,3,5,4
676,261,6,3,10,4
677,261,29,3,5,1
678,262,2,1,0,2
679,262,34,3,20,4
680,262,33,3,15,5
681,263,32,3,0,3
682,263,33,2,20,1
683,263,8,1,5,2
684,264,23,3,5,5
685,265,20,2,0,3
686,265,46,2,10,3
687,266,49,2,20,3
688,266,28,2,15,1
689,266,33,3,15,5
690,267,33,1,20,5
691,268,21,1,5,3
692,269,13,1,15,1
693,270,46,2,0,1
694,270,41,3,10,4
695,270,10,1,0,1
696,271,11,2,15,5
697,272,14,3,0,4
698,272,30,3,20,4
699,273,38,3,15,4
700,273,16,3,20,3
701,273,33,2,20,3
702,274,12,3,10,2
703,274,48,2,0,1
704,274,34,1,20,4
705,275,24,1,5,5
706,276,29,2,15,4
707,276,27,3,0,4
708,276,42,1,0,3
709,277,13,3,20,5
710,278,37,2,10,5
711,278,13,3,0,3
712,278,35,3,10,5
713,279,37,3,5,1
714,279,27,1,0,2
715,279,12,2,10,4
716,280,49,3,20,2
717,280,20,1,10,5
718,281,41,2,15,4
719,282,17,3,0,2
720,282,48,1,5,2
721,282,44,3,15,3
722,282,34,2,0,5
723,283,16,1,5,4
724,283,22,3,10,2
725,284,12,1,15,3
726,284,20,1,0,2
727,284,29,2,10,4
728,284,14,3,20,2
729,285,11,2,0,3
730,285,44,2,5,2
731,286,23,2,0,5
732,287,38,2,0,4
733,287,44,2,0,3
734,287,10,3,15,2
735,288,44,3,10,3
736,289,36,3,5,3
737,290,6,3,0,2
738,290,36,1,0,4
739,291,40,3,10,2
740,292,19,3,5,4
741,293,43,3,0,1
742,293,12,1,5,1
743,293,49,1,20,4
744,293,24,3,0,2
745,294,29,2,0,2
746,295,11,1,15,3
747,295,4,1,20,3
748,295,42,1,0,4
749,295,34,3,10,5
750,296,13,3,5,1
751,296,11,2,15,3
752,296,29,2,20,5
753,296,37,1,20,4
754,297,19,3,20,5
755,297,2,1,10,5
756,297,26,3,0,3
757,297,6,3,20,3
758,298,2,3,15,2
759,298,6,1,0,5
760,298,28,2,0,1
761,299,1,3,5,2
762,300,11,1,0,5
763,300,37,1,15,3
764,300,18,1,10,1
765,300,46,1,15,5
766,301,17,2,20,1
767,301,2,3,20,4
768,302,6,1,20,5
769,302,25,2,15,1
770,302,14,1,20,4
771,302,29,3,0,3
772,303,2,3,15,2
773,304,22,2,0,3
774,304,13,1,20,2
775,305,27,1,10,3
776,306,49,2,10,4
777,306,28,1,10,1
778,306,40,1,20,1
779,307,20,3,0,1
780,307,34,2,5,3
781,307,6,3,10,2
782,308,45,1,0,2
783,309,41,1,20,2
784,309,8,3,20,3
785,310,1,2,15,2
786,310,12,2,10,4
787,311,50,3,10,4
788,311,31,1,20,2
789,312,24,1,20,1
790,313,2,2,10,3
791,313,31,2,10,3
792,314,45,2,0,2
793,314,50,3,5,2
794,314,41,2,15,2
795,315,26,3,5,5
796,315,11,1,5,1
797,315,19,2,20,4
798,316,23,1,15,4
799,317,20,2,0,1
800,317,24,2,15,5
801,318,24,3,20,5
802,318,24,2,5,2
803,318,16,2,0,1
804,319,35,3,20,5
805,319,17,2,5,4
806,319,29,3,10,4
807,320,42,2,15,2
808,320,30,2,5,3
809,321,42,2,0,4
810,322,9,2,5,1
811,322,1,1,15,5
812,322,19,1,15,1
813,323,22,2,15,2
814,324,39,1,10,5
815,324,16,1,10,5
816,324,39,3,20,5
817,325,26,2,20,5
818,326,2,2,15,4
819,327,43,1,5,4
820,327,37,1,0,5
821,328,24,2,0,2
822,328,19,1,15,3
823,329,39,1,5,1
824,330,21,1,15,3
825,330,5,1,5,1
826,331,7,3,15,1
827,331,27,1,5,1
828,331,49,1,10,4
829,332,37,3,5,1
830,332,29,2,15,4
831,333,15,2,15,5
832,334,4,2,15,3
833,334,40,2,5,5
834,334,29,3,5,2
835,334,42,3,5,1
836,335,21,1,15,4
837,335,20,2,0,2
838,335,46,1,5,5
839,336,20,1,20,1
840,336,5,3,0,4
841,337,23,1,10,1
842,337,49,2,20,3
843,337,28,2,10,5
844,338,31,1,0,2
845,338,8,1,20,3
846,338,50,1,0,3
847,339,48,1,5,5
848,339,1,2,5,1
849,339,3,1,15,2
850,339,34,3,5,2
851,340,30,2,5,4
852,340,1,1,5,5
853,341,44,2,20,2
854,341,19,3,10,3
855,341,43,1,5,1
856,342,10,2,5,1
857,342,46,3,5,4
858,343,6,2,15,2
859,344,48,3,0,3
860,344,49,2,20,3
861,344,16,2,0,3
862,345,7,2,0,3
863,345,31,2,5,1
864,345,36,3,20,1
865,345,2,2,0,4
866,346,35,1,20,5
867,347,34,3,0,2
868,347,38,2,5,4
869,347,37,1,0,1
870,347,10,3,15,3
871,348,10,3,10,4
872,348,45,1,10,2
873,349,41,3,20,2
874,349,20,3,5,1
875,349,31,2,5,2
876,350,18,2,0,5
877,350,19,3,10,3
878,350,44,3,0,4
879,350,17,2,10,1
880,351,30,1,15,5
881,351,32,3,15,3
882,352,47,2,10,4
883,353,4,3,15,4
884,353,48,3,20,4
885,353,20,3,20,5
886,353,9,1,20,2
887,354,42,1,15,2
888,354,19,3,0,5
889,355,28,1,5,2
890,356,22,1,5,1
891,356,33,2,20,4
892,357,32,1,0,5
893,357,47,2,0,3
894,357,8,3,20,4
895,358,16,2,10,5
896,358,49,3,10,1
897,358,33,2,10,4
898,358,15,2,15,1
899,359,15,3,15,2
900,360,38,2,0,4
901,360,11,1,0,4
902,361,24,1,10,2
903,361,22,1,0,1
904,362,23,1,20,1
905,362,8,2,20,4
906,363,15,1,10,4
907,364,47,1,5,3
908,364,10,1,0,3
909,365,27,3,0,5
910,366,19,1,20,3
911,366,47,1,15,4
912,366,37,3,0,2
913,367,39,2,5,3
914,368,16,1,20,4
915,369,17,2,15,1
916,369,18,3,10,1
917,369,13,3,20,3
918,370,46,1,15,3
919,370,41,2,15,4
920,370,41,1,15,3
921,370,12,2,5,4
922,371,37,3,15,1
923,371,12,1,0,3
924,371,9,2,5,1
925,371,35,1,0,1
926,372,8,1,20,1
927,373,19,3,0,2
928,373,16,1,5,1
929,373,26,2,0,2
930,374,44,2,20,3
931,374,8,2,5,3
932,374,10,3,0,4
933,375,4,2,20,2
934,375,29,1,15,1
935,375,49,2,0,4
936,376,13,2,15,3
937,376,24,1,10,3
938,376,22,3,5,1
939,377,9,1,0,4
940,377,10,3,20,5
941,377,18,3,0,4
942,378,14,3,5,4
943,379,31,3,5,1
944,379,10,2,20,4
945,379,30,1,10,2
946,380,15,1,15,5
947,380,12,3,0,2
948,380,28,3,20,5
949,381,44,2,10,2
950,381,26,2,0,1
951,381,50,3,5,2
952,381,26,2,5,3
953,382,45,1,0,5
954,383,3,3,0,5
955,383,31,2,0,3
956,384,32,2,20,5
957,384,33,3,0,4
958,384,31,1,5,3
959,385,15,2,15,1
960,385,37,2,5,2
961,385,28,1,10,1
962,386,6,2,15,2
963,386,24,1,20,3
964,386,12,3,10,5
965,386,27,2,10,2
966,387,28,2,5,4
967,388,42,1,0,4
968,388,44,1,20,3
969,388,29,2,0,3
970,388,47,2,0,1
971,389,6,2,10,3
972,390,18,2,0,5
973,391,39,3,15,1
974,391,37,3,5,3
975,391,47,2,5,1
976,391,41,3,20,3
977,392,39,2,0,5
978,392,40,2,0,4
979,392,27,3,20,1
980,393,7,3,0,5
981,394,45,2,15,5
982,394,9,2,15,1
983,394,46,2,10,1
984,395,39,2,0,3
985,396,28,1,10,2
986,396,25,3,5,4
987,396,50,3,20,3
988,397,15,2,0,4
989,397,29,1,0,3
990,397,50,2,10,2
991,398,17,3,5,5
992,398,13,1,10,3
993,398,6,1,20,5
994,399,27,2,15,2
995,399,5,2,15,2
996,399,7,2,5,2
997,400,30,1,15,5
998,401,1,3,0,1
999,402,13,3,15,1
1000,402,37,3,0,1
1001,403,48,1,0,4
1002,404,24,2,0,1
1003,405,1,2,5,3
1004,406,19,3,20,2
1005,407,9,1,15,4
1006,407,17,1,15,4
1007,408,50,3,10,1
1008,408,50,1,5,5
1009,408,46,2,0,3
1010,408,20,2,20,2
1011,409,24,1,15,1
1012,410,25,1,10,3
1013,410,22,2,20,2
1014,411,27,2,0,3
1015,411,45,3,20,5
1016,411,46,1,5,4
1017,412,25,3,10,4
1018,412,36,2,0,5
1019,412,11,2,10,1
1020,413,22,1,10,3
1021,413,27,1,0,3
1022,414,16,1,5,1
1023,414,36,3,5,1
1024,414,45,2,5,4
1025,414,1,3,20,2
1026,415,40,2,20,5
1027,416,13,3,20,3
1028,417,42,3,5,5
1029,417,17,3,10,4
1030,418,19,3,0,3
1031,419,40,2,5,5
1032,420,2,2,5,3
1033,420,31,1,10,1
1034,420,7,3,20,4
1035,421,43,3,0,3
1036,422,6,3,0,1
1037,422,50,1,15,5
1038,423,36,3,15,3
1039,423,24,3,0,1
1040,423,39,2,15,5
1041,424,1,1,10,5
1042,424,18,3,15,3
1043,424,49,2,20,4
1044,424,28,1,15,3
1045,425,4,3,0,4
1046,426,10,3,5,2
1047,426,1,3,20,2
1048,426,31,3,15,1
1049,427,3,1,10,5
1050,427,25,1,15,5
1051,427,29,2,5,4
1052,428,14,2,10,1
1053,429,48,3,20,1
1054,429,23,1,20,3
1055,430,21,2,0,2
1056,430,35,2,10,1
1057,430,29,3,15,3
1058,431,19,2,0,1
1059,432,14,1,20,1
1060,433,38,3,0,1
1061,433,29,1,0,1
1062,433,13,2,5,1
1063,433,31,1,10,3
1064,434,34,1,15,3
1065,434,23,1,20,1
1066,435,33,1,10,5
1067,435,7,3,20,5
1068,436,30,2,20,1
1069,436,5,1,15,5
1070,436,8,3,15,4
1071,437,5,1,0,5
1072,437,38,2,5,2
1073,438,4,3,5,1
1074,439,8,1,20,2
1075,440,18,2,15,2
1076,440,12,1,5,1
1077,440,3,3,5,1
1078,441,16,2,20,3
1079,441,34,1,5,1
1080,442,2,3,20,3
1081,443,47,2,10,1
1082,444,21,3,15,2
1083,444,37,1,0,1
1084,444,33,2,10,4
1085,444,42,1,5,5
1086,445,17,1,15,4
1087,445,3,3,10,2
1088,446,36,1,20,5
1089,446,33,3,20,4
1090,447,26,2,10,5
1091,447,32,3,0,5
1092,448,11,1,15,2
1093,448,19,2,0,2
1094,448,16,2,15,3
1095,448,28,1,10,3
1096,449,33,3,20,1
1097,449,9,1,10,1
1098,449,44,1,20,2
1099,449,33,1,15,1
1100,450,5,3,5,1
1101,450,18,1,10,5
1102,450,8,3,5,1
1103,451,5,3,10,2
1104,451,50,1,0,2
1105,452,39,3,0,3
1106,453,48,1,10,4
1107,454,16,1,20,3
1108,455,13,1,15,1
1109,456,35,1,0,2
1110,456,44,1,0,2
1111,456,50,1,10,4
1112,457,17,2,10,5
1113,458,3,3,5,5
1114,458,23,3,5,1
1115,459,16,1,5,5
1116,460,22,1,15,1
1117,461,2,2,20,3
1118,462,43,1,10,1
1119,462,17,1,20,5
1120,463,7,3,20,5
1121,464,30,1,0,3
1122,465,21,2,5,5
1123,465,15,1,20,5
1124,465,47,2,10,2
1125,465,36,2,5,1
1126,466,5,1,0,3
1127,467,7,3,10,5
1128,467,30,3,5,3
1129,467,43,1,15,1
1130,468,10,1,10,3
1131,469,43,3,0,1
1132,469,43,3,20,2
1133,469,16,1,15,5
1134,469,33,1,20,3
1135,470,14,3,15,3
1136,470,47,2,15,3
1137,470,31,3,0,5
1138,471,14,3,15,2
1139,472,31,1,10,2
1140,472,2,1,20,5
1141,472,50,3,0,5
1142,472,2,2,10,1
1143,473,43,2,15,3
1144,473,8,1,5,2
1145,473,16,3,20,5
1146,474,19,2,15,5
1147,474,26,3,10,2
1148,475,2,1,15,4
1149,476,2,2,0,4
1150,477,12,1,15,1
1151,478,28,2,0,2
1152,478,46,2,0,5
1153,478,18,2,5,4
1154,479,15,1,10,4
1155,479,7,1,5,3
1156,479,13,3,20,1
1157,479,29,1,5,3
1158,480,10,3,20,3
1159,480,45,1,5,2
1160,480,6,1,15,4
1161,481,40,3,10,5
1162,481,21,1,10,3
1163,481,33,2,10,3
1164,482,41,3,15,1
1165,482,44,3,0,5
1166,482,41,2,20,4
1167,482,5,1,15,4
1168,483,18,3,10,2
1169,483,39,1,10,4
1170,484,33,1,20,3
1171,484,2,1,20,3
1172,485,32,2,0,2
1173,485,39,3,5,5
1174,485,35,2,15,3
1175,486,44,1,15,1
1176,486,48,2,15,5
1177,486,47,1,10,5
1178,487,17,2,0,3
1179,487,13,3,10,2
1180,488,47,1,10,2
1181,488,7,1,15,1
1182,488,30,2,0,4
1183,488,40,3,10,5
1184,489,42,3,20,1
1185,489,43,3,5,2
1186,490,44,1,15,4
1187,491,50,2,15,1
1188,491,7,2,10,1
1189,492,3,1,5,5
1190,492,50,2,15,1
1191,492,6,2,5,3
1192,492,26,1,15,3
1193,493,13,2,10,3
1194,493,18,3,20,1
1195,493,41,3,10,4
1196,494,35,3,20,1
1197,495,15,1,15,3
1198,495,42,1,10,3
1199,495,23,1,15,1
1200,495,29,1,15,3
1201,496,38,3,10,1
1202,496,7,1,0,1
1203,496,29,2,20,3
1204,496,29,2,0,4
1205,497,32,2,15,3
1206,497,17,3,0,2
1207,497,27,1,0,4
1208,498,36,1,20,4
1209,498,15,2,0,3
1210,499,13,1,20,2
1211,499,41,1,0,1
1212,499,49,1,15,2
1213,500,19,1,5,4
1214,500,19,3,5,3
1215,500,38,3,5,4
1216,501,30,3,5,4
1217,501,29,3,15,5
1218,501,44,1,20,5
1219,502,19,2,20,3
1220,502,30,3,20,3
1221,503,43,3,20,1
1222,503,9,1,0,2
1223,503,13,3,20,5
1224,504,27,3,15,2
1225,504,13,3,20,3
1226,504,8,1,0,5
1227,505,11,2,5,1
1228,505,2,2,10,3
1229,505,4,3,0,2
1230,505,20,1,5,2
1231,506,29,1,5,1
1232,506,23,1,5,3
1233,506,2,1,15,1
1234,507,36,3,15,2
1235,508,31,2,5,4
1236,508,21,2,5,3
1237,509,20,2,20,1
1238,509,46,2,20,4
1239,509,8,3,10,4
1240,509,18,3,5,1
1241,510,25,3,20,3
1242,511,24,3,5,3
1243,511,12,3,0,1
1244,512,50,2,10,4
1245,512,33,2,20,3
1246,512,1,3,0,3
1247,512,25,1,15,5
1248,513,1,3,15,5
1249,513,25,2,15,4
1250,513,4,2,10,5
1251,513,37,1,5,3
1252,514,49,1,15,2
1253,514,23,2,10,2
1254,514,33,2,5,5
1255,515,23,1,5,2
1256,515,15,2,5,5
1257,515,23,3,0,4
1258,516,50,1,15,3
1259,517,31,2,5,4
1260,518,22,1,15,5
1261,518,6,2,10,5
1262,519,10,1,15,1
1263,519,43,2,5,4
1264,519,14,1,10,4
1265,520,7,2,10,1
1266,520,36,2,5,5
1267,520,50,2,5,3
1268,520,42,1,15,3
1269,521,39,1,15,3
1270,521,16,2,0,2
1271,522,21,3,0,4
1272,522,25,3,20,3
1273,522,26,1,20,4
1274,523,34,1,15,2
1275,523,38,1,20,4
1276,523,22,1,10,4
1277,524,9,1,10,2
1278,525,42,1,5,5
1279,525,10,2,0,5
1280,525,6,3,10,3
1281,525,47,1,10,3
1282,526,4,3,10,4
1283,526,35,2,5,4
1284,527,43,2,10,5
1285,527,19,2,0,1
1286,528,17,3,10,3
1287,529,1,2,5,3
1288,530,6,1,0,3
1289,530,43,1,0,1
1290,530,43,3,20,5
1291,531,12,1,0,5
1292,531,10,3,15,1
1293,532,37,2,5,1
1294,532,16,1,20,3
1295,533,6,3,10,1
1296,533,18,1,20,2
1297,533,37,2,0,1
1298,533,25,2,5,4
1299,534,16,1,20,4
1300,534,12,1,15,2
1301,534,48,3,5,4
1302,535,42,1,5,5
1303,536,34,3,20,3
1304,536,15,1,5,3
1305,537,42,3,10,3
1306,538,15,1,0,5
1307,538,29,2,20,3
1308,539,5,2,15,2
1309,539,35,1,5,2
1310,540,24,2,20,5
1311,540,3,1,20,5
1312,540,3,3,10,4
1313,540,23,2,5,2
1314,541,36,1,5,1
1315,541,40,3,0,5
1316,541,31,3,5,4
1317,541,48,3,15,3
1318,542,10,3,15,4
1319,542,37,1,15,2
1320,542,14,3,20,2
1321,543,9,2,10,1
1322,544,45,1,5,5
1323,545,9,3,10,2
1324,545,11,1,15,5
1325,545,42,1,15,5
1326,545,10,2,15,4
1327,546,5,1,20,4
1328,546,12,2,10,5
1329,546,40,2,5,2
1330,546,41,1,5,1
1331,547,22,3,20,4
1332,547,1,2,10,3
1333,548,31,3,10,2
1334,548,18,2,20,2
1335,548,18,3,5,4
1336,548,23,3,0,3
1337,549,44,3,10,4
1338,549,39,1,0,5
1339,550,19,1,15,5
1340,550,36,3,20,5
1341,551,42,2,20,4
1342,552,24,3,0,2
1343,552,21,1,5,3
1344,552,48,1,10,2
1345,552,33,3,15,2
1346,553,14,3,15,1
1347,553,10,1,15,3
1348,553,43,1,20,5
1349,553,6,3,0,1
1350,554,24,1,15,5
1351,554,21,2,15,1
1352,554,28,1,10,1
1353,554,29,3,0,2
1354,555,50,2,5,2
1355,555,11,3,10,3
1356,555,18,1,20,3
1357,556,12,1,15,4
1358,556,28,1,0,4
1359,556,46,3,20,3
1360,557,36,3,0,3
1361,557,36,2,10,5
1362,557,24,3,20,5
1363,558,42,3,20,5
1364,558,26,2,20,4
1365,559,7,1,20,2
1366,559,23,2,10,1
1367,560,44,3,10,3
1368,560,26,3,15,3
1369,560,16,1,10,5
1370,560,20,2,15,2
1371,561,6,3,5,4
1372,561,40,3,10,5
1373,561,13,1,20,3
1374,562,8,1,15,5
1375,563,36,3,10,4
1376,563,47,3,10,5
1377,563,45,1,15,1
1378,564,44,2,0,1
1379,564,16,2,0,3
1380,565,13,1,0,2
1381,565,35,1,20,5
1382,565,31,1,10,5
1383,566,39,3,10,3
1384,566,6,3,0,4
1385,567,16,1,10,5
1386,567,30,2,0,2
1387,568,39,3,20,5
1388,569,9,3,15,5
1389,570,44,1,20,1
1390,570,14,2,15,4
1391,570,40,1,20,5
1392,571,27,1,15,2
1393,571,4,1,0,1
1394,572,3,3,5,5
1395,573,6,1,0,5
1396,573,22,1,0,5
1397,573,50,3,5,5
1398,574,48,1,0,5
1399,574,18,3,15,5
1400,574,13,3,15,5
1401,574,37,2,5,2
1402,575,8,1,10,4
1403,575,21,3,20,1
1404,575,39,3,20,3
1405,575,49,3,0,5
1406,576,42,3,15,5
1407,577,4,1,15,2
1408,577,12,1,15,5
1409,578,30,3,15,4
1410,578,15,2,15,5
1411,579,48,3,20,5
1412,579,43,2,0,5
1413,579,15,2,5,4
1414,579,16,3,5,4
1415,580,23,1,0,5
1416,580,9,1,0,4
1417,580,43,3,20,2
1418,581,5,1,10,1
1419,581,28,1,15,2
1420,581,46,3,5,5
1421,581,6,3,20,2
1422,582,5,1,15,4
1423,582,26,2,10,3
1424,582,9,3,0,1
1425,582,23,2,0,1
1426,583,15,3,10,3
1427,584,3,2,15,5
1428,584,45,3,10,5
1429,584,1,1,0,1
1430,584,3,3,5,5
1431,585,26,3,5,4
1432,585,25,2,10,1
1433,585,10,1,20,5
1434,586,2,2,10,4
1435,587,27,1,20,5
1436,587,1,3,15,1
1437,588,18,2,20,1
1438,588,26,3,10,2
1439,588,22,1,0,5
1440,589,35,3,10,3
1441,589,10,3,10,2
1442,590,24,1,20,4
1443,590,13,1,0,1
1444,590,34,1,0,4
1445,591,12,1,10,4
1446,591,44,2,5,2
1447,592,4,3,5,2
1448,593,2,3,10,3
1449,594,8,2,5,3
1450,594,38,1,5,3
1451,594,28,2,5,4
1452,595,2,3,5,3
1453,595,28,1,15,3
1454,595,37,3,15,5
1455,596,43,3,0,2
1456,597,19,2,20,2
1457,597,33,2,0,4
1458,597,2,3,15,2
1459,597,22,1,5,3
1460,598,44,3,0,4
1461,598,41,2,0,1
1462,598,22,1,20,3
1463,599,15,2,10,5
1464,599,34,2,5,5
1465,599,35,2,10,1
1466,599,44,1,15,5
1467,600,25,1,20,2
1468,600,31,1,15,4
1469,600,12,3,0,1
1470,600,24,2,15,3
1471,601,27,2,15,1
1472,602,14,2,0,3
1473,602,8,1,20,4
1474,602,35,3,5,5
1475,603,12,1,15,4
1476,603,3,1,10,1
1477,603,47,3,5,4
1478,604,17,2,15,3
1479,605,10,3,15,1
1480,605,22,3,20,4
1481,606,26,3,20,1
1482,606,37,1,20,1
1483,606,17,3,20,3
1484,607,22,3,20,2
1485,607,5,1,15,2
1486,608,26,1,20,5
1487,608,19,3,20,2
1488,609,31,1,10,2
1489,609,5,1,5,4
1490,609,20,2,15,2
1491,610,29,1,10,4
1492,611,6,3,5,4
1493,611,14,1,0,2
1494,611,16,1,10,4
1495,611,33,1,15,4
1496,612,47,3,10,5
1497,613,22,2,5,3
1498,613,32,1,20,1
1499,613,12,3,5,5
1500,613,39,3,20,5
1501,614,30,1,0,1
1502,614,13,2,15,5
1503,614,25,2,15,2
1504,614,5,3,5,2
1505,615,32,1,5,5
1506,615,49,2,20,1
1507,616,24,2,20,3
1508,617,28,2,0,3
1509,617,26,2,15,3
1510,617,14,1,10,4
1511,618,29,3,5,3
1512,619,13,3,5,5
1513,619,39,3,5,3
1514,619,11,3,5,5
1515,620,49,1,5,1
1516,620,33,1,15,2
1517,621,38,2,15,1
1518,621,15,2,5,3
1519,621,31,3,15,1
1520,621,41,2,0,5
1521,622,12,1,5,5
1522,622,4,2,10,3
1523,622,14,2,20,4
1524,623,38,2,5,2
1525,624,40,2,5,1
1526,624,25,1,15,1
1527,624,13,3,15,1
1528,625,37,1,0,3
1529,625,49,2,0,4
1530,625,43,1,15,2
1531,626,38,2,15,5
1532,626,8,1,5,4
1533,627,36,1,10,5
1534,627,22,1,20,4
1535,627,20,1,20,2
1536,628,38,1,20,4
1537,628,34,2,20,2
1538,628,42,3,15,3
1539,629,43,2,20,1
1540,630,49,1,0,3
1541,631,49,1,0,5
1542,631,20,1,0,4
1543,631,36,2,20,4
1544,632,43,1,0,2
1545,633,31,3,10,4
1546,633,32,2,20,1
1547,633,35,1,20,3
1548,634,4,3,15,4
1549,634,21,1,0,5
1550,634,32,1,5,4
1551,634,49,1,5,1
1552,635,49,1,15,1
1553,635,5,3,0,1
1554,635,19,1,0,5
1555,635,46,3,10,1
1556,636,46,3,5,3
1557,636,19,3,15,4
1558,637,19,2,10,1
1559,637,34,2,20,2
1560,637,26,2,10,1
1561,637,20,2,20,2
1562,638,17,2,20,4
1563,638,10,1,20,2
1564,638,2,1,10,2
1565,638,21,2,15,4
1566,639,34,2,10,2
1567,639,14,3,0,5
1568,640,32,2,10,5
1569,640,24,3,15,2
1570,641,13,3,10,1
1571,641,34,1,10,5
1572,642,43,2,10,2
1573,643,12,3,0,1
1574,643,13,3,20,2
1575,643,35,1,5,5
1576,643,5,1,20,5
1577,644,32,3,20,4
1578,644,18,1,5,5
1579,644,25,1,10,4
1580,644,34,2,15,3
1581,645,42,3,5,1
1582,645,45,1,20,1
1583,645,45,3,5,5
1584,646,39,3,10,1
1585,646,27,2,15,3
1586,646,8,3,15,2
1587,646,30,2,0,5
1588,647,1,2,20,3
1589,647,10,3,5,4
1590,647,17,1,15,5
1591,647,23,2,15,2
1592,648,28,1,10,2
1593,648,50,1,10,2
1594,649,10,2,5,5
1595,649,10,2,20,3
1596,649,40,3,0,5
1597,649,2,2,0,2
1598,650,34,2,15,1
1599,650,4,1,15,3
1600,650,42,3,20,1
1601,650,49,1,5,1
1602,651,18,2,10,1
1603,651,35,1,5,1
1604,652,43,1,20,5
1605,652,36,3,20,4
1606,652,43,1,20,4
1607,653,37,2,10,5
1608,653,48,3,0,1
1609,653,31,1,5,1
1610,654,34,1,10,5
1611,654,5,1,20,1
1612,654,25,3,15,4
1613,654,10,1,10,4
1614,655,48,3,0,2
1615,655,31,3,15,3
1616,656,46,2,10,3
1617,657,12,2,20,2
1618,657,41,1,20,3
1619,657,32,3,10,3
1620,658,40,2,20,4
1621,658,42,3,15,1
1622,659,36,2,10,3
1623,660,12,3,15,3
1624,660,41,1,5,3
1625,660,3,3,10,2
1626,661,43,2,15,3
1627,661,32,3,20,4
1628,661,48,2,20,3
1629,661,47,2,15,5
1630,662,18,3,15,5
1631,662,46,1,20,1
1632,663,40,3,15,5
1633,663,47,2,10,2
1634,663,20,2,10,3
1635,664,40,2,15,5
1636,665,3,2,0,3
1637,665,11,1,20,2
1638,665,14,2,5,5
1639,666,16,3,20,1
1640,666,4,1,15,5
1641,666,36,2,20,1
1642,667,10,1,15,5
1643,667,14,2,15,2
1644,667,45,1,5,1
1645,667,21,3,0,5
1646,668,6,2,10,4
1647,669,33,1,20,3
1648,669,27,1,5,2
1649,669,12,2,0,3
1650,669,4,1,10,1
1651,670,42,1,10,1
1652,671,45,3,15,2
1653,671,27,2,5,5
1654,671,18,3,10,1
1655,671,16,2,10,2
1656,672,38,3,0,3
1657,672,27,1,0,5
1658,673,29,1,5,3
1659,674,29,3,0,1
1660,674,3,2,10,3
1661,674,36,1,0,5
1662,674,16,3,10,2
1663,675,1,2,15,5
1664,675,9,3,15,2
1665,675,49,2,10,3
1666,675,25,2,20,4
1667,676,19,2,5,5
1668,676,32,2,15,2
1669,676,47,1,15,2
1670,676,12,3,10,3
1671,677,45,3,0,3
1672,677,27,1,0,2
1673,678,7,3,20,2
1674,678,50,3,20,5
1675,678,37,3,0,3
1676,679,22,3,0,3
1677,679,49,3,10,2
1678,679,3,3,10,4
1679,679,17,3,5,1
1680,680,30,2,0,5
1681,680,36,1,15,1
1682,681,20,1,0,2
1683,681,7,1,20,5
1684,682,2,2,20,5
1685,682,7,2,0,5
1686,682,30,1,20,4
1687,683,21,2,15,2
1688,683,5,2,15,3
1689,683,11,2,0,5
1690,684,37,2,5,4
1691,684,13,3,15,1
1692,685,26,2,20,4
1693,685,36,2,10,4
1694,685,10,1,20,3
1695,685,17,1,5,2
1696,686,21,1,15,4
1697,686,26,1,0,3
1698,687,4,1,20,5
1699,688,16,2,20,1
1700,688,38,3,20,3
1701,688,1,1,5,5
1702,689,47,3,15,2
1703,689,9,1,10,1
1704,690,7,1,15,4
1705,690,24,3,20,5
1706,691,28,3,20,1
1707,691,39,2,5,3
1708,692,21,1,10,2
1709,692,48,2,15,1
1710,692,37,2,5,1
1711,693,3,1,15,3
1712,693,13,3,5,1
1713,694,11,2,20,2
1714,695,42,1,15,3
1715,696,26,1,15,4
1716,696,28,2,20,1
1717,697,34,3,5,4
1718,698,29,3,10,1
1719,699,11,1,0,3
1720,699,29,3,15,4
1721,699,44,2,5,4
1722,700,5,3,5,2
1723,700,12,3,0,3
1724,700,27,2,5,2
1725,701,29,1,5,4
1726,702,42,1,5,5
1727,702,15,1,15,5
1728,703,27,2,0,2
1729,703,26,1,10,2
1730,704,11,3,5,1
1731,705,44,2,5,2
1732,705,47,1,5,3
1733,705,21,2,10,1
1734,706,21,1,5,2
1735,706,24,3,15,5
1736,706,10,2,5,1
1737,707,45,3,5,5
1738,707,10,3,20,4
1739,708,4,3,20,2
1740,709,41,1,5,4
1741,709,39,2,0,5
1742,709,24,1,15,3
1743,710,1,2,0,5
1744,710,38,2,0,4
1745,710,21,2,10,1
1746,711,37,3,10,3
1747,712,48,2,0,3
1748,712,4,1,10,5
1749,713,15,2,10,5
1750,713,23,2,10,5
1751,714,38,1,5,3
1752,714,40,2,10,1
1753,714,40,2,5,4
1754,715,6,2,20,3
1755,715,49,1,20,5
1756,715,37,3,0,4
1757,716,48,2,20,2
1758,716,47,2,20,4
1759,717,3,2,20,1
1760,717,10,3,10,1
1761,717,24,2,0,2
1762,718,44,3,0,4
1763,719,29,3,10,5
1764,719,19,1,10,2
1765,720,21,2,15,3
1766,720,7,2,20,1
1767,721,14,1,10,2
1768,721,26,2,10,1
1769,721,26,1,10,3
1770,721,13,3,5,5
1771,722,3,3,15,4
1772,722,43,1,0,5
1773,723,11,3,20,4
1774,723,49,2,5,5
1775,723,46,2,0,1
1776,723,38,2,20,2
1777,724,6,1,10,4
1778,725,36,1,10,4
1779,725,14,1,20,2
1780,725,50,1,20,2
1781,726,24,1,5,4
1782,726,36,3,10,4
1783,726,37,2,10,2
1784,726,16,3,10,5
1785,727,3,2,15,4
1786,728,31,1,20,2
1787,728,14,3,20,1
1788,728,7,1,5,4
1789,728,2,3,5,4
1790,729,4,2,15,3
1791,729,10,2,0,1
1792,729,16,1,0,5
1793,730,9,3,0,2
1794,731,11,3,20,4
1795,731,39,3,5,1
1796,731,43,2,0,5
1797,732,19,3,5,4
1798,732,36,1,20,4
1799,732,9,2,15,5
1800,733,28,2,15,1
1801,734,27,1,0,1
1802,734,9,1,5,5
1803,734,9,2,15,4
1804,734,1,1,20,3
1805,735,1,2,0,4
1806,735,50,2,0,4
1807,735,25,2,10,2
1808,735,13,2,10,1
1809,736,14,2,10,2
1810,736,37,3,15,1
1811,736,3,2,15,2
1812,736,36,3,20,2
1813,737,16,3,10,5
1814,738,18,2,15,1
1815,738,16,1,5,4
1816,738,1,1,5,5
1817,738,36,2,20,1
1818,739,41,2,10,2
1819,739,46,2,20,4
1820,739,1,1,0,1
1821,739,50,3,0,2
1822,740,12,3,20,2
1823,741,45,3,20,5
1824,741,33,1,15,2
1825,741,39,1,20,5
1826,741,8,3,20,5
1827,742,43,2,5,1
1828,742,19,2,5,4
1829,742,13,3,0,4
1830,742,11,1,5,1
1831,743,34,2,20,3
1832,743,16,1,5,4
1833,743,39,3,20,4
1834,743,14,2,10,4
1835,744,16,1,5,5
1836,744,9,2,15,1
1837,745,36,1,10,4
1838,746,32,2,10,2
1839,747,16,2,15,1
1840,748,38,3,0,2
1841,748,34,2,15,1
1842,748,15,2,20,5
1843,748,49,1,20,1
1844,749,27,3,15,2
1845,749,47,1,0,4
1846,750,33,1,5,4
1847,750,23,3,5,1
1848,750,45,3,20,1
1849,750,12,1,15,5
1850,751,20,3,20,4
1851,751,34,2,5,1
1852,751,47,2,5,3
1853,751,47,2,15,2
1854,752,20,3,5,2
1855,752,23,1,0,4
1856,752,19,1,5,1
1857,752,27,2,5,2
1858,753,38,1,20,2
1859,753,39,2,20,5
1860,753,50,3,5,3
1861,753,2,3,0,5
1862,754,20,2,10,2
1863,754,22,3,10,4
1864,754,24,3,15,1
1865,755,48,3,0,3
1866,755,30,1,5,5
1867,755,6,1,0,1
1868,756,37,1,15,2
1869,756,37,2,10,3
1870,757,31,2,0,1
1871,757,19,1,10,4
1872,757,17,2,10,2
1873,758,31,3,20,5
1874,758,46,2,5,2
1875,758,27,3,15,2
1876,759,16,1,20,4
1877,759,27,3,0,5
1878,759,49,3,5,5
1879,760,33,2,15,3
1880,760,43,1,0,4
1881,760,30,1,20,1
1882,760,44,1,10,2
1883,761,8,3,10,5
1884,761,35,3,15,3
1885,761,4,1,20,4
1886,762,5,3,20,4
1887,762,24,2,5,5
1888,762,48,2,5,3
1889,763,5,1,5,4
1890,764,50,3,20,5
1891,764,16,2,15,5
1892,764,20,2,10,3
1893,765,37,2,15,3
1894,766,39,2,10,3
1895,766,47,1,5,2
1896,766,16,1,15,1
1897,767,20,3,0,4
1898,767,32,1,10,4
1899,768,10,3,0,1
1900,769,36,1,5,4
1901,770,34,1,0,4
1902,770,22,3,15,1
1903,770,35,3,5,1
1904,771,17,1,10,3
1905,771,14,2,0,2
1906,772,6,3,20,4
1907,772,27,2,0,3
1908,772,47,1,5,1
1909,772,28,3,5,1
1910,773,36,1,15,4
1911,773,4,1,15,2
1912,773,13,2,20,4
1913,774,29,2,15,2
1914,775,25,1,5,5
1915,775,38,1,15,3
1916,775,17,1,0,3
1917,776,29,3,5,4
1918,776,19,2,10,1
1919,776,15,1,5,1
1920,776,2,3,0,1
1921,777,6,2,10,5
1922,778,50,3,5,3
1923,778,40,2,5,3
1924,778,48,3,5,4
1925,779,7,2,15,3
1926,780,47,3,0,1
1927,780,13,2,20,1
1928,780,36,2,15,5
1929,781,21,3,10,3
1930,781,50,3,10,3
1931,781,40,3,5,5
1932,782,41,3,20,5
1933,782,23,1,5,5
1934,782,23,1,20,5
1935,782,20,1,20,2
1936,783,23,2,10,5
1937,783,29,1,20,5
1938,783,2,1,0,3
1939,784,45,1,15,4
1940,784,21,1,10,3
1941,785,6,1,15,3
1942,785,18,1,0,3
1943,785,7,2,20,4
1944,786,36,3,0,1
1945,786,20,2,20,3
1946,786,13,1,5,2
1947,787,33,1,15,2
1948,788,9,2,10,3
1949,788,17,1,0,5
1950,789,11,2,15,3
1951,790,37,1,5,2
1952,790,12,2,15,3
1953,790,42,3,20,2
1954,790,5,1,10,4
1955,791,27,1,5,5
1956,791,1,2,15,2
1957,792,15,3,0,2
1958,792,20,1,20,1
1959,793,8,1,15,3
1960,794,6,3,20,4
1961,794,2,1,10,4
1962,794,17,2,10,3
1963,795,6,2,5,5
1964,795,14,1,5,3
1965,796,31,3,20,2
1966,796,44,2,0,1
1967,796,21,1,20,3
1968,796,24,2,15,5
1969,797,33,3,20,5
1970,797,49,2,0,2
1971,797,39,2,5,1
1972,798,15,1,5,4
1973,798,13,2,5,3
1974,798,47,3,0,2
1975,798,14,2,15,4
1976,799,30,2,5,1
1977,799,30,1,5,4
1978,799,49,2,5,2
1979,800,4,1,15,3
1980,800,14,1,15,1
1981,800,3,1,5,4
1982,800,7,2,10,3
1983,801,33,1,5,1
1984,801,28,2,15,4
1985,801,21,3,0,1
1986,801,15,3,10,3
1987,802,2,1,15,2
1988,802,12,2,0,3
1989,803,10,2,0,3
1990,803,21,3,10,5
1991,803,21,1,15,4
1992,803,32,3,20,1
1993,804,18,1,15,4
1994,805,10,3,0,1
1995,805,24,1,15,1
1996,806,49,2,10,2
1997,806,23,2,10,2
1998,806,40,3,0,4
1999,806,13,1,0,4
2000,807,24,1,5,4
2001,807,26,3,15,3
2002,807,6,3,10,4
2003,807,10,2,20,1
2004,808,38,1,15,3
2005,808,43,3,5,4
2006,809,4,3,20,1
2007,810,11,1,5,3
2008,810,39,2,10,4
2009,811,16,2,10,2
2010,811,8,2,10,3
2011,811,25,2,0,1
2012,812,18,3,10,5
2013,812,39,1,5,2
2014,813,46,1,20,1
2015,813,45,1,20,5
2016,814,37,1,10,1
2017,814,32,3,10,2
2018,815,50,2,0,3
2019,815,26,1,15,3
2020,816,48,1,10,1
2021,816,7,1,10,5
2022,816,30,1,10,2
2023,817,42,2,20,2
2024,817,18,2,10,4
2025,817,49,1,10,3
2026,817,15,2,5,5
2027,818,40,3,10,1
2028,818,4,3,0,1
2029,819,47,1,20,1
2030,819,46,3,20,1
2031,819,26,1,20,1
2032,820,39,1,0,5
2033,820,9,2,15,5
2034,820,26,3,10,4
2035,821,21,2,5,3
2036,821,3,2,15,3
2037,821,30,1,20,4
2038,822,40,3,5,4
2039,822,29,2,15,5
2040,823,41,3,5,1
2041,824,37,2,15,3
2042,824,48,1,15,1
2043,824,1,2,10,5
2044,825,9,2,10,5
2045,825,46,3,10,3
2046,825,39,3,10,2
2047,826,28,3,5,4
2048,827,35,3,5,5
2049,827,41,1,15,1
2050,827,15,1,5,2
2051,827,14,3,5,4
2052,828,46,3,15,4
2053,829,6,3,0,4
2054,829,7,1,5,1
2055,829,45,1,5,4
2056,829,17,1,10,4
2057,830,39,2,15,3
2058,830,37,3,5,1
2059,830,9,2,20,3
2060,831,28,2,15,4
2061,831,2,2,15,5
2062,832,50,1,0,5
2063,832,50,3,5,3
2064,833,31,2,20,3
2065,834,9,1,20,3
2066,834,28,1,15,4
2067,834,18,1,10,4
2068,835,39,2,15,2
2069,835,17,2,15,2
2070,836,46,3,20,5
2071,836,2,1,0,3
2072,836,31,1,15,3
2073,836,1,2,20,1
2074,837,16,2,15,2
2075,837,22,1,15,3
2076,837,25,2,10,5
2077,837,34,3,10,2
2078,838,7,1,15,4
2079,838,15,2,5,5
2080,838,26,2,5,2
2081,839,17,1,5,5
2082,839,27,1,5,1
2083,840,23,3,0,3
2084,840,24,1,0,4
2085,841,43,3,15,3
2086,841,20,3,0,1
2087,841,13,3,0,1
2088,842,22,2,0,5
2089,842,18,2,15,2
2090,842,2,2,10,5
2091,842,12,3,15,1
2092,843,26,2,10,1
2093,843,17,3,20,3
2094,843,39,2,5,3
2095,843,49,2,10,1
2096,844,50,2,0,2
2097,844,14,2,0,4
2098,845,47,3,5,2
2099,845,1,2,20,4
2100,845,10,2,10,2
2101,845,28,3,0,1
2102,846,7,1,20,2
2103,846,23,3,5,1
2104,846,13,3,15,3
2105,846,17,1,20,3
2106,847,33,2,20,3
2107,847,6,3,0,5
2108,847,22,2,5,2
2109,847,29,1,0,2
2110,848,46,3,20,5
2111,849,46,1,20,1
2112,850,45,1,10,4
2113,850,7,1,0,5
2114,850,6,2,5,3
2115,850,32,1,20,5
2116,851,12,3,20,4
2117,851,13,2,5,5
2118,851,3,1,10,3
2119,852,22,2,5,1
2120,853,21,2,20,1
2121,853,5,3,0,5
2122,853,42,1,5,4
2123,853,46,1,0,2
2124,854,6,3,5,2
2125,855,12,3,15,3
2126,855,2,1,10,2
2127,855,25,3,10,5
2128,856,11,3,20,5
2129,856,8,2,5,4
2130,857,4,2,0,2
2131,857,38,1,15,1
2132,858,45,1,20,3
2133,858,14,3,20,3
2134,858,37,1,5,1
2135,859,7,2,20,4
2136,859,8,2,0,2
2137,859,49,3,20,4
2138,860,7,3,5,2
2139,860,2,3,5,5
2140,860,41,2,20,3
2141,860,40,1,20,3
2142,861,49,2,15,3
2143,862,22,2,0,4
2144,862,25,1,5,4
2145,862,18,3,5,5
2146,862,32,2,5,2
2147,863,16,3,0,4
2148,863,34,2,20,5
2149,864,19,1,15,3
2150,864,6,2,15,5
2151,864,18,1,10,4
2152,865,16,3,15,3
2153,865,19,1,5,5
2154,866,45,2,5,3
2155,866,24,1,0,1
2156,867,18,3,0,3
2157,867,24,3,0,2
2158,868,4,2,15,5
2159,868,41,3,20,5
2160,868,11,3,10,5
2161,869,8,1,5,3
2162,869,44,2,5,4
2163,870,44,2,5,2
2164,870,31,1,15,1
2165,871,35,3,5,1
2166,871,38,3,10,4
2167,872,20,3,10,3
2168,873,32,1,5,5
2169,873,6,2,15,5
2170,873,42,1,0,3
2171,873,23,2,10,1
2172,874,3,3,5,3
2173,874,35,2,10,3
2174,875,28,2,15,1
2175,875,20,1,10,3
2176,875,28,1,10,5
2177,876,42,2,5,4
2178,876,2,2,20,3
2179,877,20,2,10,2
2180,878,38,3,15,2
2181,878,22,3,0,3
2182,879,17,2,5,3
2183,879,36,2,5,4
2184,879,6,2,0,5
2185,880,12,1,5,4
2186,880,31,3,5,1
2187,880,25,1,20,3
2188,880,27,1,15,1
2189,881,7,3,10,5
2190,882,39,2,10,3
2191,882,28,1,5,3
2192,882,31,3,5,3
2193,883,3,2,10,2
2194,883,25,3,15,2
2195,883,29,2,5,1
2196,884,39,2,20,4
2197,884,29,2,20,2
2198,884,23,3,15,4
2199,885,3,1,20,2
2200,886,1,3,0,1
2201,886,6,3,10,4
2202,886,1,3,10,5
2203,886,26,2,20,4
2204,887,22,2,15,4
2205,887,44,3,10,2
2206,888,41,2,0,1
2207,888,44,1,0,1
2208,888,18,1,20,1
2209,888,5,2,5,2
2210,889,36,1,20,2
2211,889,24,1,0,4
2212,890,22,3,20,2
2213,890,50,1,20,5
2214,891,38,2,10,1
2215,891,32,1,15,4
2216,891,19,2,5,2
2217,892,15,2,15,3
2218,892,9,3,20,3
2219,893,44,3,20,1
2220,893,45,3,15,5
2221,893,40,3,5,3
2222,894,23,1,20,1
2223,894,12,1,10,3
2224,894,24,2,20,3
2225,894,4,2,15,1
2226,895,6,3,20,3
2227,895,11,3,15,2
2228,895,50,1,10,2
2229,896,36,3,20,4
2230,897,44,1,15,1
2231,898,16,1,20,4
2232,898,21,3,15,3
2233,898,21,3,20,3
2234,898,6,1,0,4
2235,899,14,2,0,2
2236,899,11,3,5,4
2237,900,2,2,5,2
2238,901,6,3,15,1
2239,901,30,2,20,1
2240,901,34,1,15,3
2241,902,31,3,0,5
2242,902,16,3,15,2
2243,903,48,3,20,3
2244,903,15,1,5,5
2245,903,4,1,15,4
2246,904,32,2,0,5
2247,904,48,3,5,1
2248,904,24,3,15,2
2249,905,42,2,15,5
2250,905,31,3,20,1
2251,906,14,3,0,4
2252,906,39,2,5,3
2253,906,47,2,5,1
2254,907,44,3,15,5
2255,907,8,1,15,4
2256,908,11,1,5,2
2257,909,28,1,20,1
2258,909,22,2,20,3
2259,909,25,1,15,5
2260,909,12,2,5,5
2261,910,23,1,10,1
2262,910,17,1,5,3
2263,910,17,1,5,2
2264,910,26,3,15,2
2265,911,8,3,20,2
2266,912,49,1,20,3
2267,912,45,3,10,5
2268,912,31,3,5,3
2269,913,3,2,20,1
2270,913,28,3,15,3
2271,914,38,3,20,5
2272,915,46,2,0,3
2273,915,47,1,20,1
2274,915,39,3,20,1
2275,916,32,3,0,5
2276,917,8,1,10,4
2277,917,30,3,15,4
2278,918,13,2,20,5
2279,918,16,3,10,5
2280,918,35,3,15,3
2281,919,50,2,5,3
2282,919,46,2,20,2
2283,919,39,2,5,4
2284,920,22,1,20,2
2285,920,40,1,10,2
2286,921,13,3,0,1
2287,921,49,3,0,1
2288,921,2,2,15,2
2289,922,50,3,15,1
2290,922,42,1,15,5
2291,922,23,3,20,2
2292,922,27,1,5,3
2293,923,15,3,20,3
2294,924,40,2,0,2
2295,925,37,1,0,2
2296,925,34,3,10,3
2297,925,17,2,10,1
2298,926,48,1,15,5
2299,926,33,1,15,2
2300,927,8,2,10,2
2301,927,31,3,10,2
2302,928,40,2,15,3
2303,928,20,3,0,3
2304,929,12,2,0,5
2305,929,37,1,5,1
2306,929,4,3,10,3
2307,930,23,3,10,2
2308,930,42,2,15,3
2309,930,22,3,10,1
2310,930,14,1,20,1
2311,931,8,2,5,2
2312,931,37,2,15,4
2313,932,49,2,10,5
2314,932,12,2,15,2
2315,932,2,3,0,2
2316,932,18,2,10,2
2317,933,1,1,15,1
2318,934,31,3,5,3
2319,934,12,2,20,5
2320,934,22,3,15,2
2321,934,3,3,15,5
2322,935,40,1,5,1
2323,936,27,3,20,2
2324,936,5,3,0,1
2325,937,10,2,5,4
2326,937,38,2,0,1
2327,937,17,1,10,1
2328,937,43,3,5,4
2329,938,3,3,20,2
2330,939,46,3,15,2
2331,940,40,1,20,4
2332,941,4,1,20,4
2333,941,20,1,20,2
2334,941,49,1,0,2
2335,942,20,2,20,3
2336,942,22,3,20,2
2337,942,39,3,0,3
2338,942,45,3,0,3
2339,943,29,2,20,2
2340,943,32,3,0,5
2341,943,40,2,15,4
2342,944,14,2,20,1
2343,944,39,1,0,4
2344,944,31,1,20,5
2345,944,10,2,10,2
2346,945,3,1,0,4
2347,945,13,2,15,5
2348,945,17,3,15,5
2349,945,17,3,15,4
2350,946,46,1,10,4
2351,946,35,2,15,3
2352,946,10,2,20,4
2353,947,29,3,0,2
2354,948,48,3,5,1
2355,949,30,1,10,1
2356,949,18,2,20,1
2357,949,49,3,15,4
2358,949,15,3,5,1
2359,950,41,3,10,2
2360,950,2,2,10,5
2361,951,46,3,15,5
2362,951,37,1,5,4
2363,951,23,1,5,2
2364,951,1,2,5,3
2365,952,15,1,0,4
2366,952,10,2,20,2
2367,952,32,3,5,4
2368,952,44,2,15,2
2369,953,36,3,5,2
2370,954,12,1,15,2
2371,954,25,1,10,4
2372,954,6,2,0,1
2373,955,14,3,0,5
2374,956,20,3,20,1
2375,956,41,3,20,2
2376,957,6,3,20,2
2377,957,3,1,15,5
2378,957,46,2,0,3
2379,958,3,2,10,2
2380,958,29,2,15,3
2381,958,28,2,5,5
2382,959,50,3,15,5
2383,959,36,3,20,5
2384,959,45,2,0,5
2385,960,4,3,5,2
2386,960,49,2,20,1
2387,960,43,3,5,3
2388,960,13,3,0,5
2389,961,22,3,10,5
2390,961,35,2,15,2
2391,961,37,2,0,3
2392,962,24,3,5,1
2393,962,25,3,5,5
2394,963,23,2,0,4
2395,963,28,2,5,3
2396,964,1,2,20,5
2397,964,12,1,15,5
2398,965,17,1,10,2
2399,965,47,3,5,4
2400,966,50,3,0,2
2401,967,46,1,5,5
2402,967,4,1,5,5
2403,967,31,1,5,3
2404,968,41,3,15,4
2405,969,21,3,5,1
2406,969,46,1,15,2
2407,969,38,3,15,4
2408,970,3,1,0,5
2409,971,27,1,0,1
2410,972,50,2,10,1
2411,972,3,2,0,5
2412,972,2,2,5,1
2413,972,30,1,20,3
2414,973,38,2,15,1
2415,974,39,2,15,2
2416,975,37,1,15,2
2417,976,9,3,20,3
2418,976,20,3,10,3
2419,976,30,1,15,3
2420,976,49,3,5,2
2421,977,4,2,0,2
2422,978,36,3,0,4
2423,978,14,2,10,1
2424,979,33,1,5,2
2425,980,29,1,15,4
2426,981,28,3,15,2
2427,981,18,1,20,5
2428,982,31,3,5,1
2429,982,6,3,5,4
2430,982,21,1,5,5
2431,983,4,1,5,4
2432,983,29,1,20,3
2433,983,19,1,0,3
2434,984,1,1,20,2
2435,984,39,3,0,4
2436,984,44,1,15,5
2437,984,1,1,0,1
2438,985,18,2,5,1
2439,985,4,1,10,5
2440,985,43,3,0,3
2441,985,17,2,15,3
2442,986,17,3,20,2
2443,986,46,2,10,2
2444,986,5,1,5,4
2445,987,13,1,0,4
2446,987,28,1,20,4
2447,987,33,2,15,1
2448,988,49,1,15,3
2449,989,3,1,15,3
2450,989,42,2,5,5
2451,989,4,1,0,4
2452,990,40,3,20,4
2453,990,38,3,20,3
2454,991,29,3,15,3
2455,991,23,3,15,4
2456,991,8,3,5,5
2457,992,21,3,15,4
2458,992,48,2,10,4
2459,992,48,3,20,5
2460,992,37,3,5,2
2461,993,18,2,5,2
2462,993,46,2,5,5
2463,994,46,2,20,1
2464,995,8,2,0,1
2465,995,48,3,10,4
2466,995,15,3,0,5
2467,995,15,2,20,4
2468,996,6,2,0,5
2469,996,1,1,5,5
2470,996,33,3,15,5
2471,997,21,2,5,4
2472,997,16,3,0,5
2473,998,40,1,15,3
2474,998,1,1,0,2
2475,999,41,1,15,3
2476,1000,23,1,0,4
2477,1001,1,2,5,2
2478,1001,27,1,10,1
2479,1001,9,1,20,4
2480,1001,13,3,15,4
2481,1002,28,3,5,3
2482,1002,24,3,5,5
2483,1002,13,1,15,2
2484,1003,19,3,10,4
2485,1003,22,3,20,4
2486,1003,29,1,10,4
2487,1004,48,2,5,2
2488,1005,27,1,15,2
2489,1005,38,3,20,1
2490,1005,4,2,20,2
2491,1005,49,2,5,3
2492,1006,17,3,20,3
2493,1007,5,2,5,5
2494,1007,31,2,5,4
2495,1007,32,3,0,5
2496,1007,20,3,0,3
2497,1008,14,1,5,5
2498,1009,16,2,10,5
2499,1009,34,3,15,5
2500,1009,10,1,5,4
2501,1010,5,1,10,1
2502,1010,4,3,20,4
2503,1010,31,1,20,2
2504,1011,49,2,5,1
2505,1012,11,1,15,2
2506,1012,6,1,20,4
2507,1012,29,1,0,4
2508,1012,8,3,15,3
2509,1013,21,1,15,3
2510,1013,5,1,15,4
2511,1013,39,1,10,5
2512,1013,15,2,20,2
2513,1014,22,1,15,4
2514,1014,39,3,20,1
2515,1015,26,3,0,1
2516,1015,47,2,5,4
2517,1015,5,3,10,5
2518,1016,1,2,5,2
2519,1016,48,1,0,3
2520,1016,9,3,10,5
2521,1017,2,2,5,5
2522,1017,29,3,10,4
2523,1018,32,3,10,3
2524,1018,50,3,0,1
2525,1019,15,1,10,3
2526,1019,44,3,5,2
2527,1019,32,1,10,3
2528,1019,14,3,10,4
2529,1020,48,3,0,2
2530,1021,47,2,10,2
2531,1022,9,2,10,4
2532,1022,33,2,10,2
2533,1022,22,1,10,2
2534,1022,35,1,10,3
2535,1023,18,3,15,3
2536,1024,38,3,0,2
2537,1024,45,3,10,3
2538,1025,35,3,15,4
2539,1026,50,1,20,2
2540,1026,17,3,0,2
2541,1026,24,2,10,5
2542,1026,28,3,0,5
2543,1027,10,1,20,1
2544,1028,6,3,20,2
2545,1028,35,2,20,3
2546,1029,25,3,5,1
2547,1030,26,3,20,2
2548,1030,18,1,5,3
2549,1030,15,2,15,1
2550,1030,21,2,0,4
2551,1031,47,3,0,2
2552,1031,45,2,10,2
2553,1032,46,3,15,3
2554,1032,6,1,0,3
2555,1033,24,2,10,4
2556,1033,43,1,10,5
2557,1033,24,2,5,4
2558,1034,10,2,0,3
2559,1035,43,3,15,2
2560,1035,45,1,5,3
2561,1036,5,2,5,4
2562,1037,21,1,0,3
2563,1037,5,1,5,1
2564,1038,17,1,0,5
2565,1038,7,3,10,1
2566,1038,28,3,5,2
2567,1038,22,2,5,2
2568,1039,7,3,15,5
2569,1040,13,2,20,4
2570,1040,25,2,5,1
2571,1040,26,3,20,4
2572,1040,26,3,0,4
2573,1041,22,3,20,2
2574,1042,49,3,10,1
2575,1043,23,1,15,1
2576,1044,5,3,0,2
2577,1044,6,1,0,5
2578,1044,12,2,20,5
2579,1045,45,2,10,1
2580,1045,45,1,20,4
2581,1045,40,1,20,1
2582,1045,2,3,10,4
2583,1046,31,3,5,3
2584,1047,9,2,20,2
2585,1047,47,2,0,1
2586,1047,38,2,0,2
2587,1048,3,1,15,1
2588,1049,17,1,0,4
2589,1049,29,1,10,4
2590,1049,25,1,10,4
2591,1049,4,2,20,1
2592,1050,8,2,15,1
2593,1050,41,1,0,1
2594,1051,40,3,0,3
2595,1051,1,1,20,5
2596,1051,30,1,15,4
2597,1052,12,1,20,2
2598,1053,29,1,0,2
2599,1053,18,3,5,1
2600,1053,8,2,5,2
2601,1054,21,3,15,3
2602,1055,14,1,0,3
2603,1055,23,3,5,3
2604,1056,28,3,15,4
2605,1056,10,2,0,3
2606,1056,49,3,5,2
2607,1056,32,2,5,3
2608,1057,26,3,0,3
2609,1057,18,3,10,4
2610,1057,24,1,10,3
2611,1057,38,3,15,2
2612,1058,20,1,15,5
2613,1058,8,2,5,5
2614,1058,16,3,20,3
2615,1059,10,1,5,1
2616,1059,8,3,20,2
2617,1059,22,3,15,3
2618,1060,23,2,20,5
2619,1060,23,1,15,2
2620,1060,44,1,10,4
2621,1060,1,3,5,3
2622,1061,13,1,20,3
2623,1061,1,1,10,2
2624,1061,33,3,15,5
2625,1062,12,1,5,3
2626,1063,19,2,0,2
2627,1064,7,3,15,2
2628,1064,19,2,5,1
2629,1065,8,2,10,1
2630,1065,20,3,0,4
2631,1065,15,2,0,1
2632,1065,41,1,10,5
2633,1066,35,1,15,1
2634,1067,16,1,5,4
2635,1067,35,2,0,5
2636,1067,16,3,5,2
2637,1067,15,2,5,1
2638,1068,1,1,15,4
2639,1068,20,1,5,3
2640,1068,43,1,0,2
2641,1068,12,1,20,4
2642,1069,40,1,20,2
2643,1069,48,1,0,3
2644,1069,1,3,5,2
2645,1070,15,3,10,2
2646,1070,5,3,10,5
2647,1070,12,3,15,4
2648,1070,12,2,0,3
2649,1071,43,2,0,1
2650,1071,18,1,20,1
2651,1071,29,1,20,1
2652,1071,24,1,10,1
2653,1072,37,1,5,3
2654,1072,24,3,5,5
2655,1073,10,1,15,4
2656,1073,40,2,20,2
2657,1073,12,2,15,5
2658,1073,17,3,0,2
2659,1074,1,3,15,5
2660,1074,50,2,15,4
2661,1074,50,3,15,4
2662,1074,33,3,5,3
2663,1075,47,3,20,3
2664,1076,31,2,10,2
2665,1076,1,3,15,4
2666,1076,20,3,0,3
2667,1076,29,3,5,1
2668,1077,4,1,0,3
2669,1077,15,2,5,2
2670,1077,16,2,15,4
2671,1078,3,2,5,3
2672,1078,26,1,20,5
2673,1078,2,3,15,2
2674,1078,34,2,15,2
2675,1079,20,1,20,4
2676,1080,44,3,10,4
2677,1080,48,1,5,3
2678,1080,38,1,10,2
2679,1081,30,1,0,3
2680,1081,39,3,20,2
2681,1081,21,3,15,1
2682,1081,47,2,10,3
2683,1082,36,3,20,2
2684,1083,31,3,20,1
2685,1083,4,1,0,5
2686,1083,10,3,20,4
2687,1083,21,1,20,5
2688,1084,20,1,10,5
2689,1084,32,2,5,5
2690,1084,13,1,20,1
2691,1085,24,3,15,4
2692,1086,21,3,20,4
2693,1087,26,2,5,3
2694,1087,37,1,20,3
2695,1087,27,2,10,2
2696,1088,23,1,0,3
2697,1088,3,2,15,2
2698,1089,5,1,0,3
2699,1089,49,3,20,1
2700,1090,45,1,10,3
2701,1090,26,1,10,5
2702,1090,48,1,15,4
2703,1091,3,3,20,3
2704,1091,24,1,10,5
2705,1092,42,3,20,2
2706,1092,18,2,5,1
2707,1092,7,2,15,1
2708,1092,3,2,15,4
2709,1093,42,1,10,1
2710,1093,17,1,15,4
2711,1093,27,3,10,1
2712,1093,10,1,20,1
2713,1094,21,3,0,4
2714,1094,44,2,5,1
2715,1094,20,3,15,2
2716,1094,36,2,0,1
2717,1095,9,1,10,2
2718,1096,32,1,15,4
2719,1096,43,1,5,1
2720,1096,29,3,20,1
2721,1097,42,2,5,4
2722,1098,32,1,0,5
2723,1098,21,2,5,5
2724,1098,40,2,15,1
2725,1098,33,3,5,3
2726,1099,25,1,5,4
2727,1099,34,3,10,5
2728,1099,32,3,20,4
2729,1099,6,1,10,1
2730,1100,42,1,20,2
2731,1101,38,1,20,4
2732,1101,2,3,20,5
2733,1101,46,1,10,5
2734,1101,6,3,0,4
2735,1102,32,3,10,4
2736,1102,44,3,15,2
2737,1103,9,2,15,1
2738,1103,15,2,20,4
2739,1104,28,3,10,1
2740,1104,16,3,5,1
2741,1104,10,2,5,3
2742,1104,43,2,10,3
2743,1105,28,2,5,5
2744,1105,42,2,0,3
2745,1105,29,1,15,2
2746,1106,25,1,0,5
2747,1106,4,1,0,3
2748,1106,3,2,5,1
2749,1106,10,2,10,3
2750,1107,32,3,5,1
2751,1107,19,2,15,3
2752,1107,2,3,20,3
2753,1108,43,3,20,1
2754,1109,49,1,5,4
2755,1109,1,3,0,1
2756,1110,35,3,20,5
2757,1110,36,1,20,4
2758,1110,14,2,20,2
2759,1110,40,1,20,4
2760,1111,37,1,20,5
2761,1111,32,3,15,4
2762,1111,1,3,0,2
2763,1112,7,1,10,3
2764,1112,29,2,10,5
2765,1112,50,2,5,5
2766,1113,23,3,20,2
2767,1113,47,1,15,4
2768,1114,21,1,0,3
2769,1115,14,3,10,2
2770,1115,34,2,20,1
2771,1115,6,1,20,1
2772,1116,1,1,10,3
2773,1117,3,2,0,1
2774,1117,40,1,20,5
2775,1117,23,3,20,3
2776,1118,27,2,20,5
2777,1118,50,3,15,1
2778,1119,37,3,15,5
2779,1120,15,1,10,2
2780,1120,32,3,0,4
2781,1121,41,3,15,2
2782,1121,22,2,15,4
2783,1121,23,1,10,5
2784,1121,31,3,15,3
2785,1122,18,3,10,5
2786,1122,10,1,10,1
2787,1123,15,3,0,5
2788,1123,1,3,20,2
2789,1123,12,2,0,3
2790,1123,47,3,15,1
2791,1124,43,3,10,3
2792,1124,17,3,5,5
2793,1124,26,3,10,4
2794,1125,21,1,10,5
2795,1125,3,3,10,3
2796,1125,9,1,0,1
2797,1125,26,3,20,1
2798,1126,12,1,5,2
2799,1126,16,2,0,4
2800,1126,9,2,0,2
2801,1126,10,1,5,3
2802,1127,43,1,5,2
2803,1128,28,2,15,3
2804,1128,50,2,0,4
2805,1128,3,3,15,2
2806,1129,37,3,5,1
2807,1130,39,1,0,2
2808,1130,26,2,15,1
2809,1130,48,1,5,2
2810,1130,9,2,5,3
2811,1131,31,3,10,5
2812,1131,47,1,20,5
2813,1131,2,2,15,4
2814,1132,19,3,10,4
2815,1132,24,1,0,4
2816,1133,28,2,10,5
2817,1133,44,2,20,4
2818,1134,47,1,0,4
2819,1135,44,1,10,5
2820,1135,34,1,20,3
2821,1135,13,2,20,4
2822,1136,49,3,5,1
2823,1136,42,3,15,1
2824,1136,15,1,20,2
2825,1136,20,2,5,3
2826,1137,39,3,0,1
2827,1137,41,2,20,4
2828,1138,45,2,0,5
2829,1139,4,3,0,2
2830,1140,20,3,10,1
2831,1140,15,2,15,2
2832,1140,15,3,5,3
2833,1141,14,3,0,4
2834,1141,1,2,10,2
2835,1142,36,1,5,1
2836,1142,39,2,10,4
2837,1142,20,2,5,2
2838,1142,22,3,10,1
2839,1143,48,1,20,3
2840,1143,4,2,20,4
2841,1144,41,1,10,4
2842,1145,37,2,5,2
2843,1145,43,3,15,2
2844,1145,11,2,10,4
2845,1145,18,2,5,1
2846,1146,10,1,0,1
2847,1146,9,3,0,3
2848,1146,48,1,15,2
2849,1147,33,3,10,4
2850,1147,9,2,20,4
2851,1147,1,3,0,2
2852,1147,38,2,20,2
2853,1148,40,3,10,2
2854,1149,44,3,15,3
2855,1149,36,1,0,2
2856,1149,13,1,5,5
2857,1150,15,3,10,4
2858,1150,8,1,20,1
2859,1151,49,2,15,2
2860,1151,36,1,5,2
2861,1151,42,3,15,4
2862,1151,19,2,15,5
2863,1152,14,3,5,5
2864,1152,6,1,15,4
2865,1152,13,3,15,3
2866,1153,2,1,20,5
2867,1154,45,2,5,4
2868,1154,15,1,20,2
2869,1154,1,3,10,3
2870,1155,45,1,0,1
2871,1155,14,1,5,3
2872,1155,46,1,5,5
2873,1156,9,2,15,2
2874,1156,40,3,10,2
2875,1156,35,2,0,1
2876,1156,39,2,5,4
2877,1157,21,2,5,2
2878,1157,2,1,0,4
2879,1157,6,3,20,3
2880,1158,43,1,20,1
2881,1158,6,3,10,4
2882,1158,34,2,0,1
2883,1158,24,3,10,4
2884,1159,37,1,5,2
2885,1159,27,2,15,4
2886,1159,48,2,10,2
2887,1159,49,1,20,2
2888,1160,31,2,15,2
2889,1160,13,2,10,5
2890,1161,24,1,20,5
2891,1161,35,3,20,5
2892,1161,44,2,0,1
2893,1162,26,1,20,5
2894,1162,29,2,0,3
2895,1162,28,2,10,3
2896,1162,9,2,15,5
2897,1163,1,1,15,2
2898,1163,17,3,10,5
2899,1164,49,2,0,2
2900,1165,39,3,15,3
2901,1165,14,1,15,2
2902,1165,27,1,0,1
2903,1166,12,2,5,2
2904,1166,41,3,5,1
2905,1166,16,1,5,2
2906,1166,50,2,0,4
2907,1167,19,1,15,3
2908,1167,42,2,15,5
2909,1167,34,2,5,1
2910,1167,27,2,5,1
2911,1168,29,2,15,1
2912,1169,19,2,0,2
2913,1170,5,3,20,1
2914,1170,27,3,15,3
2915,1170,47,2,15,4
2916,1170,38,2,15,1
2917,1171,46,3,10,2
2918,1171,4,3,10,3
2919,1171,19,3,20,2
2920,1171,12,2,15,2
2921,1172,32,1,5,3
2922,1172,23,3,5,2
2923,1172,36,1,20,3
2924,1172,13,1,5,4
2925,1173,20,2,20,5
2926,1174,15,3,0,2
2927,1174,50,3,10,2
2928,1174,14,2,0,5
2929,1174,8,1,5,5
2930,1175,25,2,0,5
2931,1175,48,3,15,4
2932,1176,2,1,10,4
2933,1176,21,1,15,5
2934,1177,21,1,5,3
2935,1177,2,1,0,5
2936,1177,18,1,5,1
2937,1177,11,1,5,5
2938,1178,36,2,10,3
2939,1178,41,3,5,5
2940,1179,19,2,0,1
2941,1179,45,1,5,5
2942,1179,48,1,0,2
2943,1180,5,2,10,1
2944,1180,38,1,0,4
2945,1181,40,3,20,3
2946,1181,34,1,15,2
2947,1182,30,2,20,3
2948,1182,17,3,0,4
2949,1183,7,2,10,2
2950,1184,26,1,20,4
2951,1184,50,2,15,4
2952,1184,13,1,5,5
2953,1185,29,2,15,2
2954,1185,41,2,0,2
2955,1185,15,1,0,2
2956,1186,29,3,20,1
2957,1186,34,2,5,2
2958,1187,44,1,10,5
2959,1187,48,2,10,5
2960,1188,34,3,0,4
2961,1188,45,3,0,2
2962,1189,50,3,0,2
2963,1190,15,3,15,4
2964,1190,36,3,0,2
2965,1190,44,1,5,1
2966,1190,39,2,15,3
2967,1191,21,2,15,5
2968,1192,1,1,20,2
2969,1193,5,2,0,3
2970,1194,47,1,15,5
2971,1195,4,3,10,2
2972,1195,10,1,15,2
2973,1196,15,2,0,2
2974,1196,22,1,20,5
2975,1197,22,2,0,5
2976,1198,40,2,0,5
2977,1198,35,2,5,5
2978,1198,27,1,20,2
2979,1199,15,2,5,5
2980,1199,44,3,15,4
2981,1200,43,1,5,3
2982,1200,32,1,10,3
2983,1200,5,2,10,5
